SOC,SOC Title,JVS1,ST2,LT3,Total Score,Rank,Education,Work Experience,Job Training,Median Annual Wage4
41-4012,"Sales Representatives, Wholesale and Manufacturing, Except Technical and Scientific Products",10,10,10,30,1,High school diploma or equivalent,None,Moderate-term on-the-job training,58146.00
29-1141,Registered Nurses,10,10,10,30,2,Bachelor's degree,None,None,57198.00
53-3032,Heavy and Tractor-Trailer Truck Drivers,10,10,10,30,3,Postsecondary nondegree award,None,Short-term on-the-job training,40375.00
53-7062,"Laborers and Freight, Stock, and Material Movers, Hand",10,10,10,30,4,No formal educational credential,None,Short-term on-the-job training,27891.00
35-1012,First-Line Supervisors of Food Preparation and Serving Workers,10,10,10,30,5,High school diploma or equivalent,Less than 5 years,None,27223.00
31-1014,Nursing Assistants,10,10,10,30,6,Postsecondary nondegree award,None,None,23846.00
37-2011,"Janitors and Cleaners, Except Maids and Housekeeping Cleaners",10,10,10,30,7,No formal educational credential,None,Short-term on-the-job training,23460.00
43-5081,Stock Clerks and Order Fillers,10,10,10,30,8,No formal educational credential,None,Short-term on-the-job training,23330.00
41-2031,Retail Salespersons,10,10,10,30,9,No formal educational credential,None,Short-term on-the-job training,22222.00
39-9021,Personal Care Aides,10,10,10,30,10,No formal educational credential,None,Short-term on-the-job training,20887.00
41-2011,Cashiers,10,10,10,30,11,No formal educational credential,None,Short-term on-the-job training,18953.00
35-3031,Waiters and Waitresses,10,10,10,30,12,No formal educational credential,None,Short-term on-the-job training,18479.00
35-3021,"Combined Food Preparation and Serving Workers, Including Fast Food",10,10,10,30,13,No formal educational credential,None,Short-term on-the-job training,18472.00
43-4051,Customer Service Representatives,9,10,10,29,14,High school diploma or equivalent,None,Short-term on-the-job training,32233.00
43-6014,"Secretaries and Administrative Assistants, Except Legal, Medical, and Executive",9,10,10,29,15,High school diploma or equivalent,None,Short-term on-the-job training,31206.00
35-2014,"Cooks, Restaurant",10,10,9,29,16,No formal educational credential,Less than 5 years,Moderate-term on-the-job training,21205.00
25-2021,"Elementary School Teachers, Except Special Education",8,10,10,28,17,Bachelor's degree,None,Internship/residency,47159.00
47-2061,Construction Laborers,10,9,9,28,18,No formal educational credential,None,Short-term on-the-job training,31378.00
37-3011,Landscaping and Groundskeeping Workers,10,9,9,28,19,No formal educational credential,None,Short-term on-the-job training,25660.00
25-9041,Teacher Assistants,8,10,10,28,20,"Some college, no degree",None,None,22994.00
13-2011,Accountants and Auditors,7,10,10,27,21,Bachelor's degree,None,None,58491.00
41-3099,"Sales Representatives, Services, All Other",9,9,9,27,22,High school diploma or equivalent,None,Moderate-term on-the-job training,53884.00
49-9071,"Maintenance and Repair Workers, General",8,10,9,27,23,High school diploma or equivalent,None,Long-term on-the-job training,34833.00
43-3071,Tellers,9,9,9,27,24,High school diploma or equivalent,None,Short-term on-the-job training,24243.00
37-2012,Maids and Housekeeping Cleaners,10,9,8,27,25,No formal educational credential,None,Short-term on-the-job training,19769.00
35-2021,Food Preparation Workers,8,10,9,27,26,No formal educational credential,None,Short-term on-the-job training,19156.00
39-9011,Childcare Workers,8,10,9,27,27,High school diploma or equivalent,None,Short-term on-the-job training,18832.00
11-1021,General and Operations Managers,6,10,10,26,28,Bachelor's degree,5 years or more,None,83395.00
25-2031,"Secondary School Teachers, Except Special and Career/Technical Education",8,9,9,26,29,Bachelor's degree,None,Internship/residency,47904.00
41-1011,First-Line Supervisors of Retail Sales Workers,7,10,9,26,30,High school diploma or equivalent,Less than 5 years,None,35317.00
43-9061,"Office Clerks, General",6,10,10,26,31,High school diploma or equivalent,None,Short-term on-the-job training,28000.00
35-9031,"Hosts and Hostesses, Restaurant, Lounge, and Coffee Shop",7,10,9,26,32,No formal educational credential,None,None,18254.00
29-2061,Licensed Practical and Licensed Vocational Nurses,9,8,8,25,33,Postsecondary nondegree award,None,None,40701.00
47-2031,Carpenters,9,8,8,25,34,High school diploma or equivalent,None,Apprenticeship,38586.00
43-4171,Receptionists and Information Clerks,6,10,9,25,35,High school diploma or equivalent,None,Short-term on-the-job training,26090.00
35-3011,Bartenders,7,9,9,25,36,No formal educational credential,None,Short-term on-the-job training,18336.00
35-2011,"Cooks, Fast Food",9,8,8,25,37,No formal educational credential,None,Short-term on-the-job training,18201.00
53-3031,Driver/Sales Workers,10,7,7,24,38,High school diploma or equivalent,None,Short-term on-the-job training,24408.00
39-5012,"Hairdressers, Hairstylists, and Cosmetologists",8,9,7,24,39,Postsecondary nondegree award,None,None,22119.00
49-9041,Industrial Machinery Mechanics,7,8,8,23,40,High school diploma or equivalent,None,Long-term on-the-job training,51180.00
43-3031,"Bookkeeping, Accounting, and Auditing Clerks",6,8,9,23,41,"Some college, no degree",None,Moderate-term on-the-job training,35485.00
43-5071,"Shipping, Receiving, and Traffic Clerks",7,8,8,23,42,High school diploma or equivalent,None,Short-term on-the-job training,31334.00
53-3033,Light Truck or Delivery Services Drivers,6,9,8,23,43,High school diploma or equivalent,None,Short-term on-the-job training,30307.00
53-7064,"Packers and Packagers, Hand",7,8,8,23,44,No formal educational credential,None,Short-term on-the-job training,21263.00
35-9011,Dining Room and Cafeteria Attendants and Bartender Helpers,5,10,8,23,45,No formal educational credential,None,Short-term on-the-job training,18778.00
35-3022,"Counter Attendants, Cafeteria, Food Concession, and Coffee Shop",5,10,8,23,46,No formal educational credential,None,Short-term on-the-job training,18404.00
13-1161,Market Research Analysts and Marketing Specialists,7,7,8,22,47,Bachelor's degree,None,None,57253.00
43-1011,First-Line Supervisors of Office and Administrative Support Workers,3,9,10,22,48,High school diploma or equivalent,Less than 5 years,None,47672.00
15-1151,Computer User Support Specialists,6,8,8,22,49,"Some college, no degree",None,None,43931.00
51-4121,"Welders, Cutters, Solderers, and Brazers",7,8,7,22,50,High school diploma or equivalent,None,Moderate-term on-the-job training,38516.00
51-9198,Helpers--Production Workers,8,8,6,22,51,No formal educational credential,None,Short-term on-the-job training,26813.00
45-2092,"Farmworkers and Laborers, Crop, Nursery, and Greenhouse",6,7,9,22,52,No formal educational credential,None,Short-term on-the-job training,25778.00
35-2012,"Cooks, Institution and Cafeteria",7,8,7,22,53,No formal educational credential,None,Short-term on-the-job training,22418.00
35-9021,Dishwashers,6,8,8,22,54,No formal educational credential,None,Short-term on-the-job training,18645.00
47-2111,Electricians,7,7,7,21,55,High school diploma or equivalent,None,Apprenticeship,52408.00
25-2022,"Middle School Teachers, Except Special and Career/Technical Education",7,7,7,21,56,Bachelor's degree,None,Internship/residency,48473.00
49-3023,Automotive Service Technicians and Mechanics,5,8,8,21,57,Postsecondary nondegree award,None,Short-term on-the-job training,36012.00
43-3021,Billing and Posting Clerks,6,7,8,21,58,High school diploma or equivalent,None,Moderate-term on-the-job training,33731.00
51-9111,Packaging and Filling Machine Operators and Tenders,7,8,6,21,59,High school diploma or equivalent,None,Moderate-term on-the-job training,30737.00
51-4041,Machinists,6,7,7,20,60,High school diploma or equivalent,None,Long-term on-the-job training,39238.00
53-7051,Industrial Truck and Tractor Operators,6,8,6,20,61,No formal educational credential,None,Short-term on-the-job training,34197.00
43-4081,"Hotel, Motel, and Resort Desk Clerks",5,8,7,20,62,High school diploma or equivalent,None,Short-term on-the-job training,19780.00
11-3031,Financial Managers,5,7,7,19,63,Bachelor's degree,5 years or more,None,104977.00
15-1132,"Software Developers, Applications",6,7,6,19,64,Bachelor's degree,None,None,85543.00
13-1199,"Business Operations Specialists, All Other",6,6,7,19,65,Bachelor's degree,None,None,65369.00
41-3021,Insurance Sales Agents,3,8,8,19,66,High school diploma or equivalent,None,Moderate-term on-the-job training,53017.00
33-3051,Police and Sheriff's Patrol Officers,3,8,8,19,67,High school diploma or equivalent,None,Moderate-term on-the-job training,44491.00
51-9061,"Inspectors, Testers, Sorters, Samplers, and Weighers",4,8,7,19,68,High school diploma or equivalent,None,Moderate-term on-the-job training,43533.00
47-2073,Operating Engineers and Other Construction Equipment Operators,6,6,7,19,69,High school diploma or equivalent,None,Moderate-term on-the-job training,36950.00
21-1021,"Child, Family, and School Social Workers",8,6,5,19,70,Bachelor's degree,None,None,36312.00
31-9092,Medical Assistants,5,7,7,19,71,Postsecondary nondegree award,None,None,28798.00
53-3022,"Bus Drivers, School or Special Client",6,6,7,19,72,High school diploma or equivalent,None,Short-term on-the-job training,27053.00
35-3041,"Food Servers, Nonrestaurant",6,6,7,19,73,No formal educational credential,None,Short-term on-the-job training,18447.00
11-9199,"Managers, All Other",1,8,9,18,74,Bachelor's degree,Less than 5 years,None,85487.00
49-1011,"First-Line Supervisors of Mechanics, Installers, and Repairers",4,7,7,18,75,High school diploma or equivalent,Less than 5 years,None,56801.00
51-1011,First-Line Supervisors of Production and Operating Workers,5,7,6,18,76,High school diploma or equivalent,Less than 5 years,None,55824.00
51-4011,"Computer-Controlled Machine Tool Operators, Metal and Plastic",6,6,6,18,77,High school diploma or equivalent,None,Moderate-term on-the-job training,35168.00
51-2092,Team Assemblers,0,9,9,18,78,High school diploma or equivalent,None,Moderate-term on-the-job training,33741.00
45-2093,"Farmworkers, Farm, Ranch, and Aquacultural Animals",5,8,5,18,79,No formal educational credential,None,Short-term on-the-job training,23046.00
11-2022,Sales Managers,5,6,6,17,80,Bachelor's degree,Less than 5 years,None,109778.00
15-1121,Computer Systems Analysts,3,7,7,17,81,Bachelor's degree,None,None,75560.00
41-3031,"Securities, Commodities, and Financial Services Sales Agents",7,4,6,17,82,Bachelor's degree,None,Moderate-term on-the-job training,72236.00
15-1142,Network and Computer Systems Administrators,5,6,6,17,83,Bachelor's degree,None,None,69290.00
11-9013,"Farmers, Ranchers, and Other Agricultural Managers",0,10,7,17,84,High school diploma or equivalent,5 years or more,None,68718.00
43-6011,Executive Secretaries and Executive Administrative Assistants,5,6,6,17,85,High school diploma or equivalent,Less than 5 years,None,45793.00
49-3031,Bus and Truck Mechanics and Diesel Engine Specialists,5,6,6,17,86,High school diploma or equivalent,None,Long-term on-the-job training,41913.00
27-2022,Coaches and Scouts,3,7,7,17,87,Bachelor's degree,None,None,"$27,580*"
33-9032,Security Guards,4,7,6,17,88,High school diploma or equivalent,None,Short-term on-the-job training,25727.00
31-1011,Home Health Aides,0,9,8,17,89,No formal educational credential,None,Short-term on-the-job training,23416.00
11-9111,Medical and Health Services Managers,4,6,6,16,90,Bachelor's degree,Less than 5 years,None,79622.00
13-1111,Management Analysts,3,6,7,16,91,Bachelor's degree,Less than 5 years,None,70052.00
25-1199,"Postsecondary Teachers, All Other",0,8,8,16,92,Doctoral or professional degree,None,None,"$61,561*"
47-1011,First-Line Supervisors of Construction Trades and Extraction Workers,5,5,6,16,93,High school diploma or equivalent,5 years or more,None,58036.00
11-9141,"Property, Real Estate, and Community Association Managers",4,6,6,16,94,High school diploma or equivalent,Less than 5 years,None,49206.00
31-9091,Dental Assistants,6,5,5,16,95,Postsecondary nondegree award,None,None,34674.00
53-7011,Conveyor Operators and Tenders,7,5,4,16,96,No formal educational credential,None,Short-term on-the-job training,31107.00
29-2052,Pharmacy Technicians,5,5,6,16,97,High school diploma or equivalent,None,Moderate-term on-the-job training,30731.00
41-2022,Parts Salespersons,4,6,6,16,98,No formal educational credential,None,Moderate-term on-the-job training,30114.00
41-9041,Telemarketers,8,4,4,16,99,No formal educational credential,None,Short-term on-the-job training,29181.00
25-3098,Substitute Teachers,0,8,8,16,100,Bachelor's degree,None,Internship/residency,27584.00
49-3093,Tire Repairers and Changers,7,4,5,16,101,High school diploma or equivalent,None,Short-term on-the-job training,26831.00
53-7061,Cleaners of Vehicles and Equipment,2,8,6,16,102,No formal educational credential,None,Short-term on-the-job training,22301.00
39-9032,Recreation Workers,5,6,5,16,103,High school diploma or equivalent,None,Short-term on-the-job training,22296.00
11-2021,Marketing Managers,6,4,5,15,104,Bachelor's degree,5 years or more,None,112928.00
29-1171,Nurse Practitioners,6,5,4,15,105,Master's degree,None,None,96800.00
17-2112,Industrial Engineers,6,4,5,15,106,Bachelor's degree,None,None,79236.00
17-2141,Mechanical Engineers,3,6,6,15,107,Bachelor's degree,None,None,73267.00
13-1051,Cost Estimators,4,5,6,15,108,Bachelor's degree,None,None,66072.00
13-1023,"Purchasing Agents, Except Wholesale, Retail, and Farm Products",4,6,5,15,109,Bachelor's degree,None,Long-term on-the-job training,60887.00
13-1151,Training and Development Specialists,2,7,6,15,110,Bachelor's degree,Less than 5 years,None,56126.00
13-1071,Human Resources Specialists,2,7,6,15,111,Bachelor's degree,None,None,54937.00
53-1031,First-Line Supervisors of Transportation and Material-Moving Machine and Vehicle Operators,3,6,6,15,112,High school diploma or equivalent,Less than 5 years,None,50670.00
51-2011,"Aircraft Structure, Surfaces, Rigging, and Systems Assemblers",6,6,3,15,113,High school diploma or equivalent,None,Moderate-term on-the-job training,"$50,050**"
53-1021,"First-Line Supervisors of Helpers, Laborers, and Material Movers, Hand",4,6,5,15,114,High school diploma or equivalent,Less than 5 years,None,46558.00
45-2091,Agricultural Equipment Operators,5,5,5,15,115,No formal educational credential,None,Short-term on-the-job training,35680.00
29-2012,Medical and Clinical Laboratory Technicians,6,4,5,15,116,Associate's degree,None,None,35459.00
29-2071,Medical Records and Health Information Technicians,4,5,6,15,117,Postsecondary nondegree award,None,None,33903.00
43-3011,Bill and Account Collectors,1,6,8,15,118,High school diploma or equivalent,None,Moderate-term on-the-job training,32078.00
51-3022,"Meat, Poultry, and Fish Cutters and Trimmers",1,7,7,15,119,No formal educational credential,None,Short-term on-the-job training,29558.00
51-9199,"Production Workers, All Other",4,5,6,15,120,High school diploma or equivalent,None,Moderate-term on-the-job training,26563.00
17-2011,Aerospace Engineers,4,5,5,14,121,Bachelor's degree,None,None,99089.00
15-1133,"Software Developers, Systems Software",2,6,6,14,122,Bachelor's degree,None,None,95993.00
11-9021,Construction Managers,5,4,5,14,123,Bachelor's degree,None,Moderate-term on-the-job training,77225.00
17-2051,Civil Engineers,4,5,5,14,124,Bachelor's degree,None,None,74955.00
41-1012,First-Line Supervisors of Non-Retail Sales Workers,6,4,4,14,125,High school diploma or equivalent,Less than 5 years,None,70200.00
13-1031,"Claims Adjusters, Examiners, and Investigators",0,7,7,14,126,High school diploma or equivalent,None,Long-term on-the-job training,62586.00
43-5061,"Production, Planning, and Expediting Clerks",2,6,6,14,127,High school diploma or equivalent,None,Moderate-term on-the-job training,51810.00
21-1012,"Educational, Guidance, School, and Vocational Counselors",5,5,4,14,128,Master's degree,None,None,48738.00
47-2051,Cement Masons and Concrete Finishers,6,4,4,14,129,No formal educational credential,None,Moderate-term on-the-job training,38452.00
33-3012,Correctional Officers and Jailers,2,6,6,14,130,High school diploma or equivalent,None,Moderate-term on-the-job training,31881.00
41-2021,Counter and Rental Clerks,0,7,7,14,131,No formal educational credential,None,Short-term on-the-job training,27047.00
35-2015,"Cooks, Short Order",5,5,4,14,132,No formal educational credential,None,Short-term on-the-job training,19587.00
39-2021,Nonfarm Animal Caretakers,3,6,5,14,133,High school diploma or equivalent,None,Short-term on-the-job training,19246.00
33-9092,"Lifeguards, Ski Patrol, and Other Recreational Protective Service Workers",4,3,7,14,134,No formal educational credential,None,Short-term on-the-job training,18093.00
29-1069,"Physicians and Surgeons, All Other",0,6,7,13,135,Doctoral or professional degree,None,Internship/residency,207134.00
11-1011,Chief Executives,0,6,7,13,136,Bachelor's degree,5 years or more,None,141209.00
29-1051,Pharmacists,1,6,6,13,137,Doctoral or professional degree,None,None,121515.00
11-3021,Computer and Information Systems Managers,3,5,5,13,138,Bachelor's degree,5 years or more,None,109122.00
11-9032,"Education Administrators, Elementary and Secondary School",3,5,5,13,139,Master's degree,5 years or more,None,82225.00
23-1011,Lawyers,0,6,7,13,140,Doctoral or professional degree,None,None,78304.00
11-9033,"Education Administrators, Postsecondary",5,4,4,13,141,Master's degree,Less than 5 years,None,75133.00
15-1199,"Computer Occupations, All Other",7,3,3,13,142,Bachelor's degree,None,None,73160.00
49-9051,Electrical Power-Line Installers and Repairers,2,5,6,13,143,High school diploma or equivalent,None,Long-term on-the-job training,71614.00
15-1131,Computer Programmers,2,5,6,13,144,Bachelor's degree,None,None,69902.00
13-2072,Loan Officers,0,7,6,13,145,Bachelor's degree,None,Moderate-term on-the-job training,69131.00
15-1134,Web Developers,5,4,4,13,146,Associate's degree,None,None,53823.00
49-9021,"Heating, Air Conditioning, and Refrigeration Mechanics and Installers",2,5,6,13,147,Postsecondary nondegree award,None,Long-term on-the-job training,45972.00
39-1021,First-Line Supervisors of Personal Service Workers,1,6,6,13,148,High school diploma or equivalent,Less than 5 years,None,36925.00
21-1093,Social and Human Service Assistants,0,6,7,13,149,High school diploma or equivalent,None,Short-term on-the-job training,32404.00
43-6013,Medical Secretaries,4,4,5,13,150,High school diploma or equivalent,None,Moderate-term on-the-job training,31476.00
51-3023,Slaughterers and Meat Packers,1,6,6,13,151,No formal educational credential,None,Short-term on-the-job training,28575.00
51-3011,Bakers,5,4,4,13,152,No formal educational credential,None,Long-term on-the-job training,22872.00
11-3051,Industrial Production Managers,5,4,3,12,153,Bachelor's degree,5 years or more,None,85731.00
29-1123,Physical Therapists,2,5,5,12,154,Doctoral or professional degree,None,None,80882.00
13-2052,Personal Financial Advisors,0,6,6,12,155,Bachelor's degree,None,Long-term on-the-job training,78105.00
15-1141,Database Administrators,6,3,3,12,156,Bachelor's degree,Less than 5 years,None,77958.00
29-2011,Medical and Clinical Laboratory Technologists,3,5,4,12,157,Bachelor's degree,None,None,55559.00
43-5052,Postal Service Mail Carriers,0,6,6,12,158,High school diploma or equivalent,None,Short-term on-the-job training,52276.00
29-2034,Radiologic Technologists,4,4,4,12,159,Associate's degree,None,None,50539.00
25-3097,"Teachers and Instructors, All Other, Except Substitute Teachers",2,5,5,12,160,Bachelor's degree,None,Internship/residency,46301.00
49-3021,Automotive Body and Related Repairers,6,3,3,12,161,High school diploma or equivalent,None,Long-term on-the-job training,38595.00
43-5032,"Dispatchers, Except Police, Fire, and Ambulance",3,4,5,12,162,High school diploma or equivalent,None,Moderate-term on-the-job training,37550.00
33-2011,Firefighters,0,6,6,12,163,Postsecondary nondegree award,None,Long-term on-the-job training,35820.00
51-5112,Printing Press Operators,5,3,4,12,164,High school diploma or equivalent,None,Moderate-term on-the-job training,35145.00
43-4111,"Interviewers, Except Eligibility and Loan",3,5,4,12,165,High school diploma or equivalent,None,Short-term on-the-job training,29846.00
27-1026,Merchandise Displayers and Window Trimmers,4,4,4,12,166,High school diploma or equivalent,None,Moderate-term on-the-job training,28066.00
39-3091,Amusement and Recreation Attendants,0,6,6,12,167,No formal educational credential,None,Short-term on-the-job training,18450.00
29-1071,Physician Assistants,5,3,3,11,168,Master's degree,None,None,97655.00
17-2071,Electrical Engineers,2,4,5,11,169,Bachelor's degree,None,None,83894.00
41-4011,"Sales Representatives, Wholesale and Manufacturing, Technical and Scientific Products",0,5,6,11,170,Bachelor's degree,None,Moderate-term on-the-job training,77968.00
29-1127,Speech-Language Pathologists,4,4,3,11,171,Master's degree,None,None,68086.00
51-4012,"Computer Numerically Controlled Machine Tool Programmers, Metal and Plastic",6,2,3,11,172,High school diploma or equivalent,None,Long-term on-the-job training,56857.00
47-2152,"Plumbers, Pipefitters, and Steamfitters",0,6,5,11,173,High school diploma or equivalent,None,Apprenticeship,46479.00
41-3011,Advertising Sales Agents,3,4,4,11,174,High school diploma or equivalent,None,Moderate-term on-the-job training,44017.00
11-9051,Food Service Managers,0,6,5,11,175,High school diploma or equivalent,Less than 5 years,None,42664.00
49-3041,Farm Equipment Mechanics and Service Technicians,3,4,4,11,176,High school diploma or equivalent,None,Long-term on-the-job training,40138.00
43-9199,"Office and Administrative Support Workers, All Other",0,6,5,11,177,High school diploma or equivalent,None,Short-term on-the-job training,35921.00
43-9041,Insurance Claims and Policy Processing Clerks,0,5,6,11,178,High school diploma or equivalent,None,Moderate-term on-the-job training,34561.00
51-4033,"Grinding, Lapping, Polishing, and Buffing Machine Tool Setters, Operators, and Tenders, Metal and Plastic",6,3,2,11,179,High school diploma or equivalent,None,Moderate-term on-the-job training,31239.00
39-9031,Fitness Trainers and Aerobics Instructors,0,6,5,11,180,High school diploma or equivalent,None,Short-term on-the-job training,29929.00
29-2041,Emergency Medical Technicians and Paramedics,1,4,6,11,181,Postsecondary nondegree award,None,None,27470.00
33-9099,"Protective Service Workers, All Other",4,2,5,11,182,High school diploma or equivalent,None,Short-term on-the-job training,25616.00
25-2011,"Preschool Teachers, Except Special Education",0,6,5,11,183,Associate's degree,None,None,24039.00
43-4121,"Library Assistants, Clerical",3,3,5,11,184,High school diploma or equivalent,None,Short-term on-the-job training,22247.00
51-6011,Laundry and Dry-Cleaning Workers,3,3,5,11,185,No formal educational credential,None,Short-term on-the-job training,21111.00
39-3031,"Ushers, Lobby Attendants, and Ticket Takers",0,6,5,11,186,No formal educational credential,None,Short-term on-the-job training,18195.00
11-9041,Architectural and Engineering Managers,2,4,4,10,187,Bachelor's degree,5 years or more,None,114534.00
29-1122,Occupational Therapists,4,3,3,10,188,Master's degree,None,None,79189.00
11-3011,Administrative Services Managers,0,5,5,10,189,Bachelor's degree,Less than 5 years,None,78598.00
13-2051,Financial Analysts,2,3,5,10,190,Bachelor's degree,None,None,72563.00
49-3011,Aircraft Mechanics and Service Technicians,3,3,4,10,191,Postsecondary nondegree award,None,None,66213.00
19-3031,"Clinical, Counseling, and School Psychologists",2,4,4,10,192,Doctoral or professional degree,None,Internship/residency,58537.00
13-1041,Compliance Officers,1,4,5,10,193,Bachelor's degree,None,Moderate-term on-the-job training,54028.00
25-2052,"Special Education Teachers, Kindergarten and Elementary School",4,3,3,10,194,Bachelor's degree,None,Internship/residency,52805.00
25-2054,"Special Education Teachers, Secondary School",6,2,2,10,195,Bachelor's degree,None,Internship/residency,51547.00
27-3031,Public Relations Specialists,3,3,4,10,196,Bachelor's degree,None,None,49252.00
49-2022,"Telecommunications Equipment Installers and Repairers, Except Line Installers",6,1,3,10,197,Postsecondary nondegree award,None,Moderate-term on-the-job training,46698.00
47-2211,Sheet Metal Workers,0,5,5,10,198,High school diploma or equivalent,None,Apprenticeship,43677.00
27-1024,Graphic Designers,0,5,5,10,199,Bachelor's degree,None,None,42086.00
37-1012,"First-Line Supervisors of Landscaping, Lawn Service, and Groundskeeping Workers",3,3,4,10,200,High school diploma or equivalent,Less than 5 years,None,42005.00
51-8031,Water and Wastewater Treatment Plant and System Operators,2,3,5,10,201,High school diploma or equivalent,None,Long-term on-the-job training,36585.00
21-1099,"Community and Social Service Specialists, All Other",3,3,4,10,202,Master's degree,None,None,36569.00
47-2141,"Painters, Construction and Maintenance",0,5,5,10,203,No formal educational credential,None,Moderate-term on-the-job training,36116.00
47-2181,Roofers,4,3,3,10,204,No formal educational credential,None,Moderate-term on-the-job training,33589.00
51-2022,Electrical and Electronic Equipment Assemblers,6,1,3,10,205,High school diploma or equivalent,None,Moderate-term on-the-job training,31113.00
53-7081,Refuse and Recyclable Material Collectors,2,4,4,10,206,No formal educational credential,None,Short-term on-the-job training,29665.00
53-7063,Machine Feeders and Offbearers,0,7,3,10,207,No formal educational credential,None,Short-term on-the-job training,26719.00
35-9099,"Food Preparation and Serving Related Workers, All Other",4,4,2,10,208,No formal educational credential,None,Short-term on-the-job training,18213.00
25-1071,"Health Specialties Teachers, Postsecondary",5,1,3,9,209,Doctoral or professional degree,Less than 5 years,None,90902.00
17-2072,"Electronics Engineers, Except Computer",4,2,3,9,210,Bachelor's degree,None,None,82216.00
31-2021,Physical Therapist Assistants,1,4,4,9,211,Associate's degree,None,None,53599.00
21-1022,Healthcare Social Workers,3,3,3,9,212,Master's degree,None,None,49005.00
49-3043,Rail Car Repairers,6,2,1,9,213,High school diploma or equivalent,None,Long-term on-the-job training,46649.00
17-3022,Civil Engineering Technicians,3,3,3,9,214,Associate's degree,None,None,43692.00
23-2011,Paralegals and Legal Assistants,0,4,5,9,215,Associate's degree,None,None,41336.00
43-3051,Payroll and Timekeeping Clerks,0,4,5,9,216,High school diploma or equivalent,None,Moderate-term on-the-job training,40639.00
37-1011,First-Line Supervisors of Housekeeping and Janitorial Workers,0,4,5,9,217,High school diploma or equivalent,Less than 5 years,None,35826.00
43-5111,"Weighers, Measurers, Checkers, and Samplers, Recordkeeping",3,3,3,9,218,High school diploma or equivalent,None,Short-term on-the-job training,30640.00
43-9021,Data Entry Keyers,3,3,3,9,219,High school diploma or equivalent,None,Moderate-term on-the-job training,30611.00
25-4031,Library Technicians,0,4,5,9,220,Postsecondary nondegree award,None,None,26993.00
53-6031,Automotive and Watercraft Service Attendants,0,5,4,9,221,No formal educational credential,None,Short-term on-the-job training,21927.00
11-3071,"Transportation, Storage, and Distribution Managers",0,4,4,8,222,High school diploma or equivalent,5 years or more,None,92875.00
11-3121,Human Resources Managers,0,4,4,8,223,Bachelor's degree,5 years or more,None,91154.00
33-1012,First-Line Supervisors of Police and Detectives,0,4,4,8,224,High school diploma or equivalent,Less than 5 years,Moderate-term on-the-job training,61939.00
33-1021,First-Line Supervisors of Fire Fighting and Prevention Workers,0,4,4,8,225,Postsecondary nondegree award,Less than 5 years,Moderate-term on-the-job training,59341.00
53-4031,Railroad Conductors and Yardmasters,0,5,3,8,226,High school diploma or equivalent,None,Moderate-term on-the-job training,55590.00
41-9022,Real Estate Sales Agents,3,2,3,8,227,High school diploma or equivalent,None,Moderate-term on-the-job training,55242.00
53-4011,Locomotive Engineers,0,5,3,8,228,High school diploma or equivalent,Less than 5 years,Moderate-term on-the-job training,53331.00
13-1022,"Wholesale and Retail Buyers, Except Farm Products",0,4,4,8,229,Bachelor's degree,None,Long-term on-the-job training,52143.00
25-1072,"Nursing Instructors and Teachers, Postsecondary",4,2,2,8,230,Master's degree,Less than 5 years,None,50795.00
25-1194,"Vocational Education Teachers, Postsecondary",5,1,2,8,231,Bachelor's degree,Less than 5 years,None,49668.00
25-2012,"Kindergarten Teachers, Except Special Education",0,4,4,8,232,Bachelor's degree,None,Internship/residency,47526.00
43-4199,"Information and Record Clerks, All Other",0,4,4,8,233,High school diploma or equivalent,None,Short-term on-the-job training,39637.00
43-4131,Loan Interviewers and Clerks,0,5,3,8,234,High school diploma or equivalent,None,Short-term on-the-job training,37078.00
51-2041,Structural Metal Fabricators and Fitters,0,2,6,8,235,High school diploma or equivalent,None,Moderate-term on-the-job training,36699.00
13-2082,Tax Preparers,3,2,3,8,236,High school diploma or equivalent,None,Moderate-term on-the-job training,36424.00
51-9023,"Mixing and Blending Machine Setters, Operators, and Tenders",0,4,4,8,237,High school diploma or equivalent,None,Moderate-term on-the-job training,35381.00
27-4011,Audio and Video Equipment Technicians,8,0,0,8,238,Postsecondary nondegree award,None,Short-term on-the-job training,34553.00
51-7011,Cabinetmakers and Bench Carpenters,6,2,0,8,239,High school diploma or equivalent,None,Moderate-term on-the-job training,32750.00
51-2099,"Assemblers and Fabricators, All Other",0,4,4,8,240,High school diploma or equivalent,None,Moderate-term on-the-job training,31220.00
49-9098,"Helpers--Installation, Maintenance, and Repair Workers",0,4,4,8,241,High school diploma or equivalent,None,Short-term on-the-job training,26642.00
15-2011,Actuaries,0,3,4,7,242,Bachelor's degree,None,Long-term on-the-job training,"$149,759*"
51-8093,"Petroleum Pump System Operators, Refinery Operators, and Gaugers",0,3,4,7,243,High school diploma or equivalent,None,Long-term on-the-job training,68114.00
15-2031,Operations Research Analysts,0,3,4,7,244,Bachelor's degree,None,None,66064.00
29-2021,Dental Hygienists,0,2,5,7,245,Associate's degree,None,None,65265.00
17-1011,"Architects, Except Landscape and Naval",0,3,4,7,246,Bachelor's degree,None,Internship/residency,64280.00
19-1013,Soil and Plant Scientists,3,2,2,7,247,Bachelor's degree,None,None,64165.00
13-2053,Insurance Underwriters,3,1,3,7,248,Bachelor's degree,None,Moderate-term on-the-job training,61265.00
13-1141,"Compensation, Benefits, and Job Analysis Specialists",4,2,1,7,249,Bachelor's degree,Less than 5 years,None,58093.00
11-9151,Social and Community Service Managers,0,4,3,7,250,Bachelor's degree,5 years or more,None,54633.00
29-1126,Respiratory Therapists,1,4,2,7,251,Associate's degree,None,None,52272.00
49-3042,"Mobile Heavy Equipment Mechanics, Except Engines",0,3,4,7,252,High school diploma or equivalent,None,Long-term on-the-job training,46480.00
47-5013,"Service Unit Operators, Oil, Gas, and Mining",0,2,5,7,253,No formal educational credential,None,Moderate-term on-the-job training,43491.00
21-1014,Mental Health Counselors,4,1,2,7,254,Master's degree,None,Internship/residency,40961.00
25-3021,Self-Enrichment Education Teachers,1,3,3,7,255,High school diploma or equivalent,Less than 5 years,None,35867.00
51-9041,"Extruding, Forming, Pressing, and Compacting Machine Setters, Operators, and Tenders",0,4,3,7,256,High school diploma or equivalent,None,Moderate-term on-the-job training,35666.00
27-3022,Reporters and Correspondents,4,1,2,7,257,Bachelor's degree,None,None,32303.00
37-2021,Pest Control Workers,4,1,2,7,258,High school diploma or equivalent,None,Moderate-term on-the-job training,31131.00
27-2023,"Umpires, Referees, and Other Sports Officials",1,3,3,7,259,High school diploma or equivalent,None,Moderate-term on-the-job training,31073.00
51-9121,"Coating, Painting, and Spraying Machine Setters, Operators, and Tenders",2,2,3,7,260,High school diploma or equivalent,None,Moderate-term on-the-job training,30999.00
43-4151,Order Clerks,0,3,4,7,261,High school diploma or equivalent,None,Short-term on-the-job training,30984.00
43-4071,File Clerks,1,3,3,7,262,High school diploma or equivalent,None,Short-term on-the-job training,28406.00
31-1013,Psychiatric Aides,0,4,3,7,263,High school diploma or equivalent,None,Short-term on-the-job training,27575.00
53-3041,Taxi Drivers and Chauffeurs,0,4,3,7,264,No formal educational credential,None,Short-term on-the-job training,21057.00
29-1062,Family and General Practitioners,0,3,3,6,265,Doctoral or professional degree,None,Internship/residency,"$190,490**"
11-2031,Public Relations and Fundraising Managers,3,2,1,6,266,Bachelor's degree,5 years or more,None,92390.00
29-1131,Veterinarians,0,2,4,6,267,Doctoral or professional degree,None,None,72511.00
19-2041,"Environmental Scientists and Specialists, Including Health",0,3,3,6,268,Bachelor's degree,None,None,71099.00
29-9011,Occupational Health and Safety Specialists,3,1,2,6,269,Bachelor's degree,None,None,59098.00
53-4021,"Railroad Brake, Signal, and Switch Operators",0,4,2,6,270,High school diploma or equivalent,None,Moderate-term on-the-job training,56084.00
49-9052,Telecommunications Line Installers and Repairers,0,2,4,6,271,High school diploma or equivalent,None,Long-term on-the-job training,55065.00
27-3041,Editors,1,3,2,6,272,Bachelor's degree,Less than 5 years,None,47146.00
49-9043,"Maintenance Workers, Machinery",0,3,3,6,273,High school diploma or equivalent,None,Moderate-term on-the-job training,42970.00
47-5071,"Roustabouts, Oil and Gas",0,1,5,6,274,No formal educational credential,None,Moderate-term on-the-job training,40385.00
21-1023,Mental Health and Substance Abuse Social Workers,2,2,2,6,275,Bachelor's degree,None,None,39586.00
51-9122,"Painters, Transportation Equipment",5,0,1,6,276,High school diploma or equivalent,None,Moderate-term on-the-job training,37203.00
49-9099,"Installation, Maintenance, and Repair Workers, All Other",0,3,3,6,277,High school diploma or equivalent,None,Moderate-term on-the-job training,37136.00
35-1011,Chefs and Head Cooks,0,3,3,6,278,High school diploma or equivalent,5 years or more,None,33762.00
21-1011,Substance Abuse and Behavioral Disorder Counselors,0,3,3,6,279,Bachelor's degree,None,None,33646.00
51-3021,Butchers and Meat Cutters,0,3,3,6,280,No formal educational credential,None,Long-term on-the-job training,32555.00
43-5031,"Police, Fire, and Ambulance Dispatchers",0,2,4,6,281,High school diploma or equivalent,None,Moderate-term on-the-job training,31895.00
51-3092,Food Batchmakers,0,3,3,6,282,High school diploma or equivalent,None,Moderate-term on-the-job training,31524.00
51-4031,"Cutting, Punching, and Press Machine Setters, Operators, and Tenders, Metal and Plastic",3,2,1,6,283,High school diploma or equivalent,None,Moderate-term on-the-job training,31136.00
29-2081,"Opticians, Dispensing",0,2,4,6,284,High school diploma or equivalent,None,Long-term on-the-job training,27737.00
27-1023,Floral Designers,2,2,2,6,285,High school diploma or equivalent,None,Moderate-term on-the-job training,24824.00
31-9096,Veterinary Assistants and Laboratory Animal Caretakers,0,3,3,6,286,High school diploma or equivalent,None,Short-term on-the-job training,24614.00
39-9041,Residential Advisors,0,3,3,6,287,High school diploma or equivalent,None,Short-term on-the-job training,24381.00
31-9011,Massage Therapists,0,3,3,6,288,Postsecondary nondegree award,None,None,19704.00
29-1151,Nurse Anesthetists,5,0,0,5,289,Master's degree,None,None,149327.00
15-1122,Information Security Analysts,1,2,2,5,290,Bachelor's degree,Less than 5 years,None,71377.00
29-2032,Diagnostic Medical Sonographers,1,2,2,5,291,Associate's degree,None,None,68751.00
53-7021,Crane and Tower Operators,3,0,2,5,292,High school diploma or equivalent,Less than 5 years,Moderate-term on-the-job training,64232.00
19-2031,Chemists,2,1,2,5,293,Bachelor's degree,None,None,63962.00
13-2041,Credit Analysts,0,3,2,5,294,Bachelor's degree,None,None,55093.00
25-2053,"Special Education Teachers, Middle School",4,0,1,5,295,Bachelor's degree,None,Internship/residency,51499.00
21-1019,"Counselors, All Other",5,0,0,5,296,Master's degree,None,None,49176.00
25-4021,Librarians,0,2,3,5,297,Master's degree,None,None,47990.00
43-5011,Cargo and Freight Agents,0,2,3,5,298,High school diploma or equivalent,None,Short-term on-the-job training,43542.00
19-4021,Biological Technicians,1,2,2,5,299,Bachelor's degree,None,None,40848.00
51-9011,Chemical Equipment Operators and Tenders,2,2,1,5,300,High school diploma or equivalent,None,Moderate-term on-the-job training,40680.00
43-3061,Procurement Clerks,0,2,3,5,301,High school diploma or equivalent,None,Moderate-term on-the-job training,39482.00
51-4023,"Rolling Machine Setters, Operators, and Tenders, Metal and Plastic",5,0,0,5,302,High school diploma or equivalent,None,Moderate-term on-the-job training,38185.00
29-2055,Surgical Technologists,2,1,2,5,303,Postsecondary nondegree award,None,None,38016.00
49-3053,Outdoor Power Equipment and Other Small Engine Mechanics,5,0,0,5,304,High school diploma or equivalent,None,Moderate-term on-the-job training,32514.00
31-9097,Phlebotomists,1,2,2,5,305,Postsecondary nondegree award,None,None,31990.00
47-4051,Highway Maintenance Workers,0,3,2,5,306,High school diploma or equivalent,None,Moderate-term on-the-job training,31855.00
51-9032,"Cutting and Slicing Machine Setters, Operators, and Tenders",5,0,0,5,307,High school diploma or equivalent,None,Short-term on-the-job training,29860.00
51-9195,"Molders, Shapers, and Casters, Except Metal and Plastic",0,3,2,5,308,High school diploma or equivalent,None,Long-term on-the-job training,29824.00
27-3091,Interpreters and Translators,0,2,3,5,309,Bachelor's degree,None,Short-term on-the-job training,29180.00
51-3099,"Food Processing Workers, All Other",0,2,3,5,310,No formal educational credential,None,Moderate-term on-the-job training,28702.00
51-4072,"Molding, Coremaking, and Casting Machine Setters, Operators, and Tenders, Metal and Plastic",4,1,0,5,311,High school diploma or equivalent,None,Moderate-term on-the-job training,27710.00
47-3012,Helpers--Carpenters,5,0,0,5,312,No formal educational credential,None,Short-term on-the-job training,26658.00
31-9095,Pharmacy Aides,0,2,3,5,313,High school diploma or equivalent,None,Short-term on-the-job training,23117.00
39-3093,"Locker Room, Coatroom, and Dressing Room Attendants",0,3,2,5,314,High school diploma or equivalent,None,Short-term on-the-job training,19437.00
29-1021,"Dentists, General",0,2,2,4,315,Doctoral or professional degree,None,None,150700.00
15-1143,Computer Network Architects,1,1,2,4,316,Bachelor's degree,5 years or more,None,82348.00
13-1081,Logisticians,0,0,4,4,317,Bachelor's degree,None,None,67073.00
31-2011,Occupational Therapy Assistants,0,2,2,4,318,Associate's degree,None,None,58360.00
51-8013,Power Plant Operators,0,2,2,4,319,High school diploma or equivalent,None,Long-term on-the-job training,57766.00
49-9044,Millwrights,3,1,0,4,320,High school diploma or equivalent,None,Apprenticeship,53808.00
25-2032,"Career/Technical Education Teachers, Secondary School",1,1,2,4,321,Bachelor's degree,Less than 5 years,Internship/residency,49820.00
21-1013,Marriage and Family Therapists,4,0,0,4,322,Master's degree,None,Internship/residency,"$45,272*"
19-4091,"Environmental Science and Protection Technicians, Including Health",3,0,1,4,323,Associate's degree,None,None,44456.00
13-1121,"Meeting, Convention, and Event Planners",0,1,3,4,324,Bachelor's degree,None,None,42262.00
27-2012,Producers and Directors,0,2,2,4,325,Bachelor's degree,Less than 5 years,None,40748.00
19-4031,Chemical Technicians,0,2,2,4,326,Associate's degree,None,Moderate-term on-the-job training,39967.00
53-7073,Wellhead Pumpers,0,2,2,4,327,High school diploma or equivalent,Less than 5 years,Moderate-term on-the-job training,38502.00
47-2071,"Paving, Surfacing, and Tamping Equipment Operators",0,2,2,4,328,High school diploma or equivalent,None,Moderate-term on-the-job training,38483.00
31-9099,"Healthcare Support Workers, All Other",2,1,1,4,329,High school diploma or equivalent,None,None,37217.00
23-2093,"Title Examiners, Abstractors, and Searchers",0,2,2,4,330,High school diploma or equivalent,None,Short-term on-the-job training,36149.00
51-4021,"Extruding and Drawing Machine Setters, Operators, and Tenders, Metal and Plastic",1,1,2,4,331,High school diploma or equivalent,None,Moderate-term on-the-job training,35888.00
51-9081,Dental Laboratory Technicians,0,2,2,4,332,High school diploma or equivalent,None,Moderate-term on-the-job training,35734.00
21-1015,Rehabilitation Counselors,0,2,2,4,333,Master's degree,None,None,33694.00
51-9021,"Crushing, Grinding, and Polishing Machine Setters, Operators, and Tenders",3,0,1,4,334,High school diploma or equivalent,None,Moderate-term on-the-job training,32575.00
27-4021,Photographers,0,3,1,4,335,High school diploma or equivalent,None,Long-term on-the-job training,31154.00
43-4141,New Accounts Clerks,0,2,2,4,336,High school diploma or equivalent,None,Moderate-term on-the-job training,31154.00
49-2011,"Computer, Automated Teller, and Office Machine Repairers",0,2,2,4,337,"Some college, no degree",None,Short-term on-the-job training,30840.00
29-2053,Psychiatric Technicians,4,0,0,4,338,Postsecondary nondegree award,Less than 5 years,Short-term on-the-job training,28078.00
47-3013,Helpers--Electricians,0,2,2,4,339,High school diploma or equivalent,None,Short-term on-the-job training,27678.00
43-2011,"Switchboard Operators, Including Answering Service",0,2,2,4,340,High school diploma or equivalent,None,Short-term on-the-job training,27092.00
43-9051,"Mail Clerks and Mail Machine Operators, Except Postal Service",0,2,2,4,341,High school diploma or equivalent,None,Short-term on-the-job training,26449.00
41-9011,Demonstrators and Product Promoters,0,2,2,4,342,High school diploma or equivalent,None,Short-term on-the-job training,20266.00
11-3061,Purchasing Managers,0,1,2,3,343,Bachelor's degree,5 years or more,None,97079.00
29-1041,Optometrists,0,1,2,3,344,Doctoral or professional degree,None,None,92430.00
53-6051,Transportation Inspectors,1,1,1,3,345,High school diploma or equivalent,None,Moderate-term on-the-job training,84925.00
53-2012,Commercial Pilots,0,1,2,3,346,High school diploma or equivalent,None,Moderate-term on-the-job training,81404.00
15-2041,Statisticians,0,2,1,3,347,Master's degree,None,None,75198.00
19-1042,"Medical Scientists, Except Epidemiologists",0,2,1,3,348,Doctoral or professional degree,None,None,74447.00
51-8091,Chemical Plant and System Operators,2,0,1,3,349,High school diploma or equivalent,None,Long-term on-the-job training,63197.00
17-3023,Electrical and Electronics Engineering Technicians,0,2,1,3,350,Associate's degree,None,None,60736.00
13-1075,Labor Relations Specialists,0,2,1,3,351,Bachelor's degree,Less than 5 years,None,60558.00
25-2059,"Special Education Teachers, All Other",0,1,2,3,352,Bachelor's degree,None,Internship/residency,58850.00
27-3042,Technical Writers,0,1,2,3,353,Bachelor's degree,Less than 5 years,Short-term on-the-job training,58374.00
51-4111,Tool and Die Makers,3,0,0,3,354,High school diploma or equivalent,None,Long-term on-the-job training,52506.00
47-4011,Construction and Building Inspectors,0,1,2,3,355,High school diploma or equivalent,5 years or more,Moderate-term on-the-job training,51764.00
33-3021,Detectives and Criminal Investigators,0,1,2,3,356,High school diploma or equivalent,Less than 5 years,Moderate-term on-the-job training,51530.00
21-1091,Health Educators,2,0,1,3,357,Bachelor's degree,None,None,48748.00
19-4092,Forensic Science Technicians,0,2,1,3,358,Bachelor's degree,None,Moderate-term on-the-job training,43936.00
27-3043,Writers and Authors,0,1,2,3,359,Bachelor's degree,None,Moderate-term on-the-job training,43834.00
49-9062,Medical Equipment Repairers,0,0,3,3,360,Associate's degree,None,Moderate-term on-the-job training,42753.00
13-2021,Appraisers and Assessors of Real Estate,0,2,1,3,361,Bachelor's degree,None,Long-term on-the-job training,42540.00
21-1092,Probation Officers and Correctional Treatment Specialists,0,1,2,3,362,Bachelor's degree,None,Short-term on-the-job training,38416.00
11-9031,"Education Administrators, Preschool and Childcare Center/Program",0,2,1,3,363,Bachelor's degree,Less than 5 years,None,37944.00
43-4161,"Human Resources Assistants, Except Payroll and Timekeeping",0,0,3,3,364,Associate's degree,None,None,37290.00
47-4099,"Construction and Related Workers, All Other",3,0,0,3,365,High school diploma or equivalent,None,Moderate-term on-the-job training,37161.00
51-4122,"Welding, Soldering, and Brazing Machine Setters, Operators, and Tenders",0,1,2,3,366,High school diploma or equivalent,None,Moderate-term on-the-job training,35850.00
51-2091,Fiberglass Laminators and Fabricators,0,2,1,3,367,High school diploma or equivalent,None,Moderate-term on-the-job training,33634.00
21-1094,Community Health Workers,0,1,2,3,368,High school diploma or equivalent,None,Short-term on-the-job training,32089.00
47-2042,"Floor Layers, Except Carpet, Wood, and Hard Tiles",3,0,0,3,369,No formal educational credential,None,Moderate-term on-the-job training,32034.00
45-2041,"Graders and Sorters, Agricultural Products",0,1,2,3,370,No formal educational credential,None,Short-term on-the-job training,32023.00
31-9094,Medical Transcriptionists,0,1,2,3,371,Postsecondary nondegree award,None,None,31336.00
43-4031,"Court, Municipal, and License Clerks",0,0,3,3,372,High school diploma or equivalent,None,Moderate-term on-the-job training,31127.00
31-9093,Medical Equipment Preparers,3,0,0,3,373,High school diploma or equivalent,None,Moderate-term on-the-job training,30359.00
49-3051,Motorboat Mechanics and Service Technicians,3,0,0,3,374,High school diploma or equivalent,None,Long-term on-the-job training,29196.00
29-2056,Veterinary Technologists and Technicians,0,1,2,3,375,Associate's degree,None,None,28321.00
43-9071,"Office Machine Operators, Except Computer",0,1,2,3,376,High school diploma or equivalent,None,Short-term on-the-job training,28137.00
49-3091,Bicycle Repairers,3,0,0,3,377,High school diploma or equivalent,None,Moderate-term on-the-job training,24554.00
27-3011,Radio and Television Announcers,1,1,1,3,378,Bachelor's degree,None,Short-term on-the-job training,24365.00
39-9099,"Personal Care and Service Workers, All Other",0,2,1,3,379,High school diploma or equivalent,None,Short-term on-the-job training,23840.00
53-3099,"Motor Vehicle Operators, All Other",0,1,2,3,380,No formal educational credential,None,Short-term on-the-job training,23660.00
39-2011,Animal Trainers,0,1,2,3,381,High school diploma or equivalent,None,Moderate-term on-the-job training,22299.00
11-1031,Legislators,0,1,2,3,382,Bachelor's degree,Less than 5 years,None,18657.00
39-3011,Gaming Dealers,0,2,1,3,383,High school diploma or equivalent,None,Short-term on-the-job training,18281.00
53-2021,Air Traffic Controllers,0,0,2,2,384,Associate's degree,None,Long-term on-the-job training,124099.00
11-3111,Compensation and Benefits Managers,2,0,0,2,385,Bachelor's degree,5 years or more,None,97776.00
17-2199,"Engineers, All Other",0,1,1,2,386,Bachelor's degree,None,None,78779.00
51-4192,"Layout Workers, Metal and Plastic",0,0,2,2,387,High school diploma or equivalent,None,Moderate-term on-the-job training,62683.00
19-3051,Urban and Regional Planners,0,0,2,2,388,Master's degree,None,None,61380.00
29-1011,Chiropractors,0,1,1,2,389,Doctoral or professional degree,None,None,59743.00
27-1011,Art Directors,0,0,2,2,390,Bachelor's degree,5 years or more,None,58605.00
13-1131,Fundraisers,0,0,2,2,391,Bachelor's degree,None,None,56221.00
25-1021,"Computer Science Teachers, Postsecondary",2,0,0,2,392,Doctoral or professional degree,None,None,55624.00
27-1021,Commercial and Industrial Designers,2,0,0,2,393,Bachelor's degree,None,None,55545.00
25-1121,"Art, Drama, and Music Teachers, Postsecondary",1,0,1,2,394,Master's degree,None,None,55340.00
25-9021,Farm and Home Management Advisors,2,0,0,2,395,Master's degree,None,None,53211.00
25-9031,Instructional Coordinators,1,0,1,2,396,Master's degree,5 years or more,None,51972.00
25-1011,"Business Teachers, Postsecondary",2,0,0,2,397,Doctoral or professional degree,None,None,50843.00
29-2031,Cardiovascular Technologists and Technicians,0,1,1,2,398,Associate's degree,None,None,49295.00
45-1011,"First-Line Supervisors of Farming, Fishing, and Forestry Workers",0,1,1,2,399,High school diploma or equivalent,Less than 5 years,None,49248.00
47-2021,Brickmasons and Blockmasons,0,1,1,2,400,High school diploma or equivalent,None,Apprenticeship,48996.00
25-1123,"English Language and Literature Teachers, Postsecondary",2,0,0,2,401,Doctoral or professional degree,None,None,48819.00
19-4099,"Life, Physical, and Social Science Technicians, All Other",0,1,1,2,402,Associate's degree,None,None,45425.00
51-4081,"Multiple Machine Tool Setters, Operators, and Tenders, Metal and Plastic",2,0,0,2,403,High school diploma or equivalent,None,Moderate-term on-the-job training,45219.00
33-1099,"First-Line Supervisors of Protective Service Workers, All Other",0,1,1,2,404,High school diploma or equivalent,Less than 5 years,None,44910.00
43-5051,Postal Service Clerks,0,2,0,2,405,High school diploma or equivalent,None,Short-term on-the-job training,42089.00
45-2011,Agricultural Inspectors,0,1,1,2,406,Bachelor's degree,None,Moderate-term on-the-job training,40318.00
47-2132,"Insulation Workers, Mechanical",0,2,0,2,407,High school diploma or equivalent,None,Apprenticeship,39618.00
19-4011,Agricultural and Food Science Technicians,0,1,1,2,408,Associate's degree,None,Moderate-term on-the-job training,38079.00
43-4061,"Eligibility Interviewers, Government Programs",0,0,2,2,409,High school diploma or equivalent,None,Moderate-term on-the-job training,37519.00
13-2081,"Tax Examiners and Collectors, and Revenue Agents",0,1,1,2,410,Bachelor's degree,None,Moderate-term on-the-job training,"$36,611*"
17-3031,Surveying and Mapping Technicians,0,0,2,2,411,High school diploma or equivalent,None,Moderate-term on-the-job training,35349.00
43-6012,Legal Secretaries,0,1,1,2,412,High school diploma or equivalent,None,Moderate-term on-the-job training,32182.00
43-4181,Reservation and Transportation Ticket Agents and Travel Clerks,2,0,0,2,413,High school diploma or equivalent,None,Short-term on-the-job training,29038.00
51-7042,"Woodworking Machine Setters, Operators, and Tenders, Except Sawing",0,2,0,2,414,High school diploma or equivalent,None,Short-term on-the-job training,28108.00
31-2022,Physical Therapist Aides,0,1,1,2,415,High school diploma or equivalent,None,Short-term on-the-job training,23482.00
53-6021,Parking Lot Attendants,0,2,0,2,416,No formal educational credential,None,Short-term on-the-job training,18324.00
27-2011,Actors,0,0,1,1,417,"Some college, no degree",None,Long-term on-the-job training,N/A
17-2131,Materials Engineers,1,0,0,1,418,Bachelor's degree,None,None,99442.00
17-2061,Computer Hardware Engineers,0,1,0,1,419,Bachelor's degree,None,None,94031.00
17-2081,Environmental Engineers,0,1,0,1,420,Bachelor's degree,None,None,90947.00
13-2031,Budget Analysts,0,0,1,1,421,Bachelor's degree,None,None,"$73,840**"
49-9069,"Precision Instrument and Equipment Repairers, All Other",0,0,1,1,422,High school diploma or equivalent,None,Long-term on-the-job training,61260.00
49-2091,Avionics Technicians,0,0,1,1,423,Associate's degree,None,None,58921.00
49-9012,"Control and Valve Installers and Repairers, Except Mechanical Door",0,0,1,1,424,High school diploma or equivalent,None,Moderate-term on-the-job training,56498.00
17-3029,"Engineering Technicians, Except Drafters, All Other",0,1,0,1,425,Associate's degree,None,None,56229.00
17-1022,Surveyors,0,1,0,1,426,Bachelor's degree,Less than 5 years,None,52807.00
17-3027,Mechanical Engineering Technicians,0,0,1,1,427,Associate's degree,None,None,50916.00
49-2094,"Electrical and Electronics Repairers, Commercial and Industrial Equipment",0,0,1,1,428,Postsecondary nondegree award,None,Long-term on-the-job training,50219.00
41-9021,Real Estate Brokers,0,0,1,1,429,High school diploma or equivalent,Less than 5 years,None,49939.00
39-4031,"Morticians, Undertakers, and Funeral Directors",0,1,0,1,430,Associate's degree,None,Long-term on-the-job training,49067.00
49-2098,Security and Fire Alarm Systems Installers,0,1,0,1,431,High school diploma or equivalent,None,Moderate-term on-the-job training,47936.00
17-3013,Mechanical Drafters,0,0,1,1,432,Associate's degree,None,None,47804.00
39-1011,Gaming Supervisors,0,1,0,1,433,High school diploma or equivalent,Less than 5 years,None,46906.00
47-2041,Carpet Installers,0,1,0,1,434,No formal educational credential,None,Short-term on-the-job training,45873.00
27-2041,Music Directors and Composers,0,0,1,1,435,Bachelor's degree,Less than 5 years,None,45790.00
47-5011,"Derrick Operators, Oil and Gas",0,0,1,1,436,No formal educational credential,None,Short-term on-the-job training,45730.00
47-2121,Glaziers,0,0,1,1,437,High school diploma or equivalent,None,Apprenticeship,43815.00
47-5081,Helpers--Extraction Workers,0,0,1,1,438,High school diploma or equivalent,None,Moderate-term on-the-job training,43361.00
29-9012,Occupational Health and Safety Technicians,1,0,0,1,439,High school diploma or equivalent,None,Moderate-term on-the-job training,43274.00
27-1025,Interior Designers,0,0,1,1,440,Bachelor's degree,None,None,42978.00
47-5012,"Rotary Drill Operators, Oil and Gas",0,0,1,1,441,No formal educational credential,None,Moderate-term on-the-job training,39870.00
47-2221,Structural Iron and Steel Workers,0,0,1,1,442,High school diploma or equivalent,None,Apprenticeship,39354.00
43-5041,"Meter Readers, Utilities",0,0,1,1,443,High school diploma or equivalent,None,Short-term on-the-job training,35935.00
53-7072,"Pump Operators, Except Wellhead Pumpers",0,0,1,1,444,High school diploma or equivalent,None,Moderate-term on-the-job training,35680.00
37-3012,"Pesticide Handlers, Sprayers, and Applicators, Vegetation",0,0,1,1,445,High school diploma or equivalent,None,Moderate-term on-the-job training,34983.00
41-9099,"Sales and Related Workers, All Other",0,0,1,1,446,High school diploma or equivalent,None,None,34954.00
51-5111,Prepress Technicians and Workers,0,0,1,1,447,Postsecondary nondegree award,None,None,31830.00
37-3013,Tree Trimmers and Pruners,0,0,1,1,448,High school diploma or equivalent,None,Short-term on-the-job training,30156.00
51-9022,"Grinding and Polishing Workers, Hand",0,0,1,1,449,No formal educational credential,None,Moderate-term on-the-job training,29306.00
39-5094,Skincare Specialists,0,0,1,1,450,Postsecondary nondegree award,None,None,27088.00
53-6099,"Transportation Workers, All Other",0,1,0,1,451,High school diploma or equivalent,None,Short-term on-the-job training,25862.00
39-5092,Manicurists and Pedicurists,0,1,0,1,452,Postsecondary nondegree award,None,None,25810.00
51-5113,Print Binding and Finishing Workers,0,0,1,1,453,High school diploma or equivalent,None,Short-term on-the-job training,25319.00
43-5021,Couriers and Messengers,0,1,0,1,454,High school diploma or equivalent,None,Short-term on-the-job training,24161.00
53-3011,"Ambulance Drivers and Attendants, Except Emergency Medical Technicians",0,0,1,1,455,High school diploma or equivalent,None,Moderate-term on-the-job training,24006.00
39-4021,Funeral Attendants,0,1,0,1,456,High school diploma or equivalent,None,Short-term on-the-job training,21914.00